proposal_id,verbatim,instrument_title,gid,provision_scope,basis,confidence,markup,text,enabling,act_level_rows,distinct_source_instruments,made_under_edges,gate_devolution,gate_international,gate_northern_ireland,gate_absorption,overlaps,unresolved,reasoning
SP-01,the campaign for the great repeal and restoration of the legislation passed under the Blair and Brown governments from 1997 to 2010,,,,,,,,,,,,,,,,,yes,"The scope is stated as a DATE RANGE, not an instrument: ""the legislation passed under the Blair and Brown governments from 1997 to 2010"". There is no single instrument to name, and naming one would misrepresent the proposal as narrower than it is. It is countable rather than resolvable — see scope_measurement on this row, which is the answer to CCW's note_for_resolution."
SP-02,"we need to repeal an awful lot of law that has empowered and indeed politicised the judiciary, like the Human Rights Act, the Equalities Act",Human Rights Act 1998,ukpga/1998/42,,named by the proposer,high,37,901,75,,382,85,yes,yes,yes,yes,SP-05,no,"The Act is named in the passage itself, so this is not my identification. It is the instrument that gives the Convention rights effect in domestic law, and repealing it is the domestic half of what SP-05 describes. ⚠ He should be asked whether the list is his and whether it is complete, because he did not compose it."
SP-02,"we need to repeal an awful lot of law that has empowered and indeed politicised the judiciary, like the Human Rights Act, the Equalities Act",Equality Act 2010,ukpga/2010/15,,named by the proposer,medium,79,1789,148,,535,206,yes,unknown,no,yes,SP-10,no,"Named in the passage. The Act consolidates the discrimination statutes and carries the s.149 public sector equality duty that SP-10 objects to separately. ⚠ The proposal is stated as repeal of law that ""politicised the judiciary""; most of the Equality Act is not about the judiciary, so the stated rationale and the named instrument do not obviously match. That mismatch is his to resolve, not mine."
SP-03,"we need to abandon, kill off, privatise or renationalise fully into the structures of government and Parliament, all of these quangos",Public Bodies Act 2011,ukpga/2011/24,,my identification,low,16,146,51,,64,60,yes,unknown,yes,unknown,,no,"⚠⚠ He names NO instrument, and offers FOUR different dispositions in one sentence — abandon, kill off, privatise, renationalise into government. Those are four different instruments with four different consequences, not one proposal. The Public Bodies Act 2011 is the existing mechanism for abolishing or merging arm's-length bodies by order, and it reaches only a SUBSET: bodies listed in its Schedules. It is the nearest existing route for ""abandon"" and ""kill off"" and does nothing for ""privatise"" or ""renationalise"". Offered as the starting point, not as the answer. He should be asked which disposition applies to which bodies."
SP-04,We formally express the supremacy of the judiciary in Britain by the extraordinary creation of a Supreme Court. How you can have a Supreme Court alongside a sovereign parliament is deranged.,Constitutional Reform Act 2005,ukpga/2005/4,part-3,my identification,medium,4,85,15,427,64,236,yes,unknown,yes,unknown,,no,"He names the institution (""a Supreme Court""), never the statute. CRA 2005 Part 3 creates the Court and transfers the appellate jurisdiction of the House of Lords to it; reversing the creation means Part 3. ⚠ He states the contradiction — a supreme court alongside a sovereign parliament — without stating the remedy, so whether he wants the court abolished or merely restrained is unresolved in his own words. This row assumes abolition because that is what ""reversal of its creation"" means; if he means restraint, the instrument is different."
SP-04,We formally express the supremacy of the judiciary in Britain by the extraordinary creation of a Supreme Court. How you can have a Supreme Court alongside a sovereign parliament is deranged.,Scotland Act 1998,ukpga/1998/46,,my identification,medium,123,3556,1073,,1475,1334,yes,unknown,yes,unknown,,no,"Consequential, and easy to miss: the Supreme Court holds the devolution reference jurisdiction under Scotland Act 1998 Sch 6. Abolishing the Court does not abolish that jurisdiction — it has to be relocated, or the devolution settlement loses its adjudicator. MY identification; he has never mentioned it."
SP-04,We formally express the supremacy of the judiciary in Britain by the extraordinary creation of a Supreme Court. How you can have a Supreme Court alongside a sovereign parliament is deranged.,Northern Ireland Act 1998,ukpga/1998/47,,my identification,medium,44,1430,204,,584,261,yes,unknown,no,unknown,,no,The same point as the Scotland Act row: the equivalent devolution jurisdiction sits in Northern Ireland Act 1998 Sch 10. MY identification.
SP-05,this much much clearer language about the need to repeal the European Convention and the realization of both the legal and the symbolic importance of the convention,Human Rights Act 1998,ukpga/1998/42,,my identification,high,37,901,75,,382,85,yes,yes,yes,yes,SP-02,no,"⚠⚠ THE STATED ROUTE IS NOT AVAILABLE AS DESCRIBED. He says ""repeal the European Convention"". A treaty is not repealed by an Act; it is DENOUNCED, under ECHR Article 58, which takes effect six months after notice and is a prerogative act rather than a legislative one. Denunciation also does not by itself alter domestic law — the Convention rights would remain enforceable through the Human Rights Act until that Act is changed. So the proposal as spoken splits into two distinct actions: denunciation (prerogative, no Bill) and HRA repeal (primary legislation). This row is the domestic half and is MY identification, because he named the treaty, not the Act. ⚠ He should be asked which he intends: denunciation, HRA repeal, or both. They are separable and have different effects."
SP-06,"Same as saying we should leave the ECHR, I suspect people only hear abandoning human rights",,,,,,,,,,,,,,,,,yes,"Carries no independent target. It restates the ECHR position of SP-05 as an agreed premise while discussing how it is HEARD — a communications question, not a statement of legislative intent. Resolving it separately would double-count one proposal. Cross-referenced to SP-05 rather than given its own instrument."
SP-07,"we sort of fix parliamentary sovereignty, we get all the powers back there, and we entrust to the 650 men and women who represent us",,,,,,,,,,,,,,,,,yes,"The AIM, not a measure. ""Fix parliamentary sovereignty, get all the powers back"" is the objective every other row is instrumental to. It has no instrument of its own, and his own reply redirects to de-bureaucratisation as a social question rather than a legal one. ⚠ The open question for him — whether sovereignty is restored by repeal alone or needs positive assertion in statute — is a drafting decision nobody has taken, not a gap in this resolution."
SP-08,the system Blair created does not work because you know of judicial review of constant intervention by judges of the incompetence of quangos,Senior Courts Act 1981,ukpga/1981/54,,my identification,low,39,842,447,,451,521,no,unknown,no,unknown,,no,"He names judicial review as a DEFECT (""constant intervention by judges""), never as a measure, and no instrument appears anywhere in the corpus. s.31 is the judicial review jurisdiction of the High Court and is where any restriction of the remedy would sit. MY identification — the same one recorded for WS-08 in scoping_remaining.csv, carried here so the two tables agree."
SP-08,the system Blair created does not work because you know of judicial review of constant intervention by judges of the incompetence of quangos,Judicial Review and Courts Act 2022,ukpga/2022/35,,my identification,low,18,99,22,,25,18,yes,unknown,no,unknown,,no,"The most recent statute restricting judicial review, and the obvious model for a further restriction. MY identification. ⚠ Restricting standing, restricting remedies, and ousting review for named decisions are three different Bills; he has not said which, so this row should not be read as a settled target."
SP-09,"the most eminent public figure who passionately opposes the creation of the modern civil service, the Northcote-Trevelyan reforms, is Disraeli",Constitutional Reform and Governance Act 2010,ukpga/2010/25,part-1,my identification,low,2,27,0,106,24,29,yes,unknown,no,yes,,no,"⚠⚠ THE WORKSTREAM MAY BE AIMED AT AN INSTRUMENT HE HAS NOT NAMED. WS-05 is built on CRAG 2010 Part 1, which puts the civil service on a statutory footing. What he actually argues against is the NORTHCOTE-TREVELYAN settlement of 1854 — a permanent, appointed, examined civil service — and he cites Disraeli's opposition to it. The phrase ""civil service commission"" is never uttered across all 287 transcripts (B10 §2). CRAG 2010 Part 1 is the modern statutory expression of that settlement and is the only repealable instrument in the vicinity, so it is offered as MY identification and flagged. ⚠ Repealing CRAG Part 1 would remove the statutory footing but would not restore patronage appointment, which is what he appears to want; the two are not the same measure."
SP-10,"then foisting the whole DEI agenda on the civil service, still worse under her, you get the beginning with people like Maria Miller and Penny Mordaunt of the beginning of gender self identification for transsexuals",Equality Act 2010,ukpga/2010/15,section-149,my identification,medium,1,39,0,1256,32,206,yes,unknown,no,yes,SP-02,no,"For the DEI half of the proposal. He objects to ""foisting the whole DEI agenda on the civil service""; the legal hook is the public sector equality duty in s.149, which is the only part of the statute book that requires public authorities to have regard to equality objectives. Much of what he describes is departmental policy rather than statute, and repealing s.149 would not by itself end it. MY identification."
SP-10,"then foisting the whole DEI agenda on the civil service, still worse under her, you get the beginning with people like Maria Miller and Penny Mordaunt of the beginning of gender self identification for transsexuals",Gender Recognition Act 2004,ukpga/2004/7,,my identification,low,19,411,57,,130,80,yes,unknown,yes,unknown,,no,"⚠⚠ THE PREMISE APPEARS TO BE MISTAKEN AND THIS ROW EXISTS TO SAY SO. He refers to ""the beginning of gender self identification for transsexuals"" under Miller and Mordaunt. Gender self-identification was NEVER ENACTED in Great Britain — the 2018 consultation was not legislated, and the Scottish Bill that would have introduced it did not receive Royal Assent. The instrument actually in force is the Gender Recognition Act 2004, which requires a diagnosis of gender dysphoria and a determination by a Gender Recognition Panel: close to the opposite of self-identification. ⚠ So there is nothing here to repeal that matches what he described. This is included as a row, not omitted, because an honest ""the thing you object to is not in force"" is a finding he needs, and the alternative is a register row pointing at a statute that does not do what he thinks it does."
SP-11,the gross mismanagement of the Bank of England since its complete political independence in 1998,Bank of England Act 1998,ukpga/1998/11,,my identification,medium,21,474,26,,219,32,no,unknown,no,unknown,,no,"⚠⚠ NOT IN ANY OF THE TWELVE WORKSTREAMS, and squarely inside his own stated 1997-2010 scope. He names the thing precisely — ""complete political independence in 1998"" — which is the Bank of England Act 1998: it made the Monetary Policy Committee responsible for setting rates and removed that from the Treasury. He names the year and the effect but not the Act, so MY identification. ⚠ He does not say what should replace it, and ""reversal"" could mean Treasury direction, a reconstituted MPC, or absorption into the quango measure at SP-03. Those are different Bills."
SP-12,the charities may most of them are no longer properly independent. They're sock puppets,Charities Act 2011,ukpga/2011/25,,my identification,low,33,901,77,,342,100,yes,unknown,yes,unknown,,no,"He names no instrument — ""the charities... are no longer properly independent. They're sock puppets."" The political-purposes rules for registered charities sit in the Charities Act 2011 and in Charity Commission guidance made under it. MY identification. ⚠ Note that CCW_SPEC §6 lists this Act as part of the EXISTING TOOLKIT for a different workstream (WS-12), not as a repeal target — so the same statute appears in the programme twice, pointing opposite ways. That is a contradiction for him to resolve, and it is why this row is recorded rather than dropped for being low-confidence."
SP-13,"these 400 or so quangos that are effectively running the country and everything else and sentencing guidance, you name it, advertising standards",Coroners and Justice Act 2009,ukpga/2009/25,part-4,my identification,medium,0,37,6,575,20,145,yes,unknown,yes,unknown,,no,"He names ""sentencing guidance"" as an instance of the quango problem, not as a measure of its own. The Sentencing Council is constituted by Coroners and Justice Act 2009 Part 4, and the duty on courts to follow its guidelines is statutory — so it cannot be reached by the general quango route at SP-03 and needs separate treatment. MY identification. Kept as its own row for that reason, and overlapping SP-03 by design."
SP-14,there's got to be that idea of the great repeal sounds easy. It's not. it will be fought every inch of the way by the whole of that establishment. So it's got to be legally watertight,,,,,,,,,,,,,,,,,yes,"Explicitly not a measure. It is the proposer stating the standard the programme must meet — ""it has got to be legally watertight"". Belongs in the register's front matter, as CCW's own note says, and is the strongest available justification for this document's method."
